user_id,user_name,todo_id,todo_title,todo_completed,user_email
1,Leanne Graham,1,delectus aut autem,False,Sincere@april.biz
1,Leanne Graham,2,quis ut nam facilis et officia qui,False,Sincere@april.biz
1,Leanne Graham,3,fugiat veniam minus,False,Sincere@april.biz
1,Leanne Graham,4,et porro tempora,True,Sincere@april.biz
1,Leanne Graham,5,laboriosam mollitia et enim quasi adipisci quia provident illum,False,Sincere@april.biz
1,Leanne Graham,6,qui ullam ratione quibusdam voluptatem quia omnis,False,Sincere@april.biz
1,Leanne Graham,7,illo expedita consequatur quia in,False,Sincere@april.biz
1,Leanne Graham,8,quo adipisci enim quam ut ab,True,Sincere@april.biz
1,Leanne Graham,9,molestiae perspiciatis ipsa,False,Sincere@april.biz
1,Leanne Graham,10,illo est ratione doloremque quia maiores aut,True,Sincere@april.biz
1,Leanne Graham,11,vero rerum temporibus dolor,True,Sincere@april.biz
1,Leanne Graham,12,ipsa repellendus fugit nisi,True,Sincere@april.biz
1,Leanne Graham,13,et doloremque nulla,False,Sincere@april.biz
1,Leanne Graham,14,repellendus sunt dolores architecto voluptatum,True,Sincere@april.biz
1,Leanne Graham,15,ab voluptatum amet voluptas,True,Sincere@april.biz
1,Leanne Graham,16,accusamus eos facilis sint et aut voluptatem,True,Sincere@april.biz
1,Leanne Graham,17,quo laboriosam deleniti aut qui,True,Sincere@april.biz
1,Leanne Graham,18,dolorum est consequatur ea mollitia in culpa,False,Sincere@april.biz
1,Leanne Graham,19,molestiae ipsa aut voluptatibus pariatur dolor nihil,True,Sincere@april.biz
1,Leanne Graham,20,ullam nobis libero sapiente ad optio sint,True,Sincere@april.biz
2,Ervin Howell,21,suscipit repellat esse quibusdam voluptatem incidunt,False,Shanna@melissa.tv
2,Ervin Howell,22,distinctio vitae autem nihil ut molestias quo,True,Shanna@melissa.tv
2,Ervin Howell,23,et itaque necessitatibus maxime molestiae qui quas velit,False,Shanna@melissa.tv
2,Ervin Howell,24,adipisci non ad dicta qui amet quaerat doloribus ea,False,Shanna@melissa.tv
2,Ervin Howell,25,voluptas quo tenetur perspiciatis explicabo natus,True,Shanna@melissa.tv
2,Ervin Howell,26,aliquam aut quasi,True,Shanna@melissa.tv
2,Ervin Howell,27,veritatis pariatur delectus,True,Shanna@melissa.tv
2,Ervin Howell,28,nesciunt totam sit blanditiis sit,False,Shanna@melissa.tv
2,Ervin Howell,29,laborum aut in quam,False,Shanna@melissa.tv
2,Ervin Howell,30,nemo perspiciatis repellat ut dolor libero commodi blanditiis omnis,True,Shanna@melissa.tv
2,Ervin Howell,31,repudiandae totam in est sint facere fuga,False,Shanna@melissa.tv
2,Ervin Howell,32,earum doloribus ea doloremque quis,False,Shanna@melissa.tv
2,Ervin Howell,33,sint sit aut vero,False,Shanna@melissa.tv
2,Ervin Howell,34,porro aut necessitatibus eaque distinctio,False,Shanna@melissa.tv
2,Ervin Howell,35,repellendus veritatis molestias dicta incidunt,True,Shanna@melissa.tv
2,Ervin Howell,36,excepturi deleniti adipisci voluptatem et neque optio illum ad,True,Shanna@melissa.tv
2,Ervin Howell,37,sunt cum tempora,False,Shanna@melissa.tv
2,Ervin Howell,38,totam quia non,False,Shanna@melissa.tv
2,Ervin Howell,39,doloremque quibusdam asperiores libero corrupti illum qui omnis,False,Shanna@melissa.tv
2,Ervin Howell,40,totam atque quo nesciunt,True,Shanna@melissa.tv
3,Clementine Bauch,41,aliquid amet impedit consequatur aspernatur placeat eaque fugiat suscipit,False,Nathan@yesenia.net
3,Clementine Bauch,42,rerum perferendis error quia ut eveniet,False,Nathan@yesenia.net
3,Clementine Bauch,43,tempore ut sint quis recusandae,True,Nathan@yesenia.net
3,Clementine Bauch,44,cum debitis quis accusamus doloremque ipsa natus sapiente omnis,True,Nathan@yesenia.net
3,Clementine Bauch,45,velit soluta adipisci molestias reiciendis harum,False,Nathan@yesenia.net
3,Clementine Bauch,46,vel voluptatem repellat nihil placeat corporis,False,Nathan@yesenia.net
3,Clementine Bauch,47,nam qui rerum fugiat accusamus,False,Nathan@yesenia.net
3,Clementine Bauch,48,sit reprehenderit omnis quia,False,Nathan@yesenia.net
3,Clementine Bauch,49,ut necessitatibus aut maiores debitis officia blanditiis velit et,False,Nathan@yesenia.net
3,Clementine Bauch,50,cupiditate necessitatibus ullam aut quis dolor voluptate,True,Nathan@yesenia.net
3,Clementine Bauch,51,distinctio exercitationem ab doloribus,False,Nathan@yesenia.net
3,Clementine Bauch,52,nesciunt dolorum quis recusandae ad pariatur ratione,False,Nathan@yesenia.net
3,Clementine Bauch,53,qui labore est occaecati recusandae aliquid quam,False,Nathan@yesenia.net
3,Clementine Bauch,54,quis et est ut voluptate quam dolor,True,Nathan@yesenia.net
3,Clementine Bauch,55,voluptatum omnis minima qui occaecati provident nulla voluptatem ratione,True,Nathan@yesenia.net
3,Clementine Bauch,56,deleniti ea temporibus enim,True,Nathan@yesenia.net
3,Clementine Bauch,57,pariatur et magnam ea doloribus similique voluptatem rerum quia,False,Nathan@yesenia.net
3,Clementine Bauch,58,est dicta totam qui explicabo doloribus qui dignissimos,False,Nathan@yesenia.net
3,Clementine Bauch,59,perspiciatis velit id laborum placeat iusto et aliquam odio,False,Nathan@yesenia.net
3,Clementine Bauch,60,et sequi qui architecto ut adipisci,True,Nathan@yesenia.net
4,Patricia Lebsack,61,odit optio omnis qui sunt,True,Julianne.OConner@kory.org
4,Patricia Lebsack,62,et placeat et tempore aspernatur sint numquam,False,Julianne.OConner@kory.org
4,Patricia Lebsack,63,doloremque aut dolores quidem fuga qui nulla,True,Julianne.OConner@kory.org
4,Patricia Lebsack,64,voluptas consequatur qui ut quia magnam nemo esse,False,Julianne.OConner@kory.org
4,Patricia Lebsack,65,fugiat pariatur ratione ut asperiores necessitatibus magni,False,Julianne.OConner@kory.org
4,Patricia Lebsack,66,rerum eum molestias autem voluptatum sit optio,False,Julianne.OConner@kory.org
4,Patricia Lebsack,67,quia voluptatibus voluptatem quos similique maiores repellat,False,Julianne.OConner@kory.org
4,Patricia Lebsack,68,aut id perspiciatis voluptatem iusto,False,Julianne.OConner@kory.org
4,Patricia Lebsack,69,doloribus sint dolorum ab adipisci itaque dignissimos aliquam suscipit,False,Julianne.OConner@kory.org
4,Patricia Lebsack,70,ut sequi accusantium et mollitia delectus sunt,False,Julianne.OConner@kory.org
4,Patricia Lebsack,71,aut velit saepe ullam,False,Julianne.OConner@kory.org
4,Patricia Lebsack,72,praesentium facilis facere quis harum voluptatibus voluptatem eum,False,Julianne.OConner@kory.org
4,Patricia Lebsack,73,sint amet quia totam corporis qui exercitationem commodi,True,Julianne.OConner@kory.org
4,Patricia Lebsack,74,expedita tempore nobis eveniet laborum maiores,False,Julianne.OConner@kory.org
4,Patricia Lebsack,75,occaecati adipisci est possimus totam,False,Julianne.OConner@kory.org
4,Patricia Lebsack,76,sequi dolorem sed,True,Julianne.OConner@kory.org
4,Patricia Lebsack,77,maiores aut nesciunt delectus exercitationem vel assumenda eligendi at,False,Julianne.OConner@kory.org
4,Patricia Lebsack,78,reiciendis est magnam amet nemo iste recusandae impedit quaerat,False,Julianne.OConner@kory.org
4,Patricia Lebsack,79,eum ipsa maxime ut,True,Julianne.OConner@kory.org
4,Patricia Lebsack,80,tempore molestias dolores rerum sequi voluptates ipsum consequatur,True,Julianne.OConner@kory.org
5,Chelsey Dietrich,81,suscipit qui totam,True,Lucio_Hettinger@annie.ca
5,Chelsey Dietrich,82,voluptates eum voluptas et dicta,False,Lucio_Hettinger@annie.ca
5,Chelsey Dietrich,83,quidem at rerum quis ex aut sit quam,True,Lucio_Hettinger@annie.ca
5,Chelsey Dietrich,84,sunt veritatis ut voluptate,False,Lucio_Hettinger@annie.ca
5,Chelsey Dietrich,85,et quia ad iste a,True,Lucio_Hettinger@annie.ca
5,Chelsey Dietrich,86,incidunt ut saepe autem,True,Lucio_Hettinger@annie.ca
5,Chelsey Dietrich,87,laudantium quae eligendi consequatur quia et vero autem,True,Lucio_Hettinger@annie.ca
5,Chelsey Dietrich,88,vitae aut excepturi laboriosam sint aliquam et et accusantium,False,Lucio_Hettinger@annie.ca
5,Chelsey Dietrich,89,sequi ut omnis et,True,Lucio_Hettinger@annie.ca
5,Chelsey Dietrich,90,molestiae nisi accusantium tenetur dolorem et,True,Lucio_Hettinger@annie.ca
5,Chelsey Dietrich,91,nulla quis consequatur saepe qui id expedita,True,Lucio_Hettinger@annie.ca
5,Chelsey Dietrich,92,in omnis laboriosam,True,Lucio_Hettinger@annie.ca
5,Chelsey Dietrich,93,odio iure consequatur molestiae quibusdam necessitatibus quia sint,True,Lucio_Hettinger@annie.ca
5,Chelsey Dietrich,94,facilis modi saepe mollitia,False,Lucio_Hettinger@annie.ca
5,Chelsey Dietrich,95,vel nihil et molestiae iusto assumenda nemo quo ut,True,Lucio_Hettinger@annie.ca
5,Chelsey Dietrich,96,nobis suscipit ducimus enim asperiores voluptas,False,Lucio_Hettinger@annie.ca
5,Chelsey Dietrich,97,dolorum laboriosam eos qui iure aliquam,False,Lucio_Hettinger@annie.ca
5,Chelsey Dietrich,98,debitis accusantium ut quo facilis nihil quis sapiente necessitatibus,True,Lucio_Hettinger@annie.ca
5,Chelsey Dietrich,99,neque voluptates ratione,False,Lucio_Hettinger@annie.ca
5,Chelsey Dietrich,100,excepturi a et neque qui expedita vel voluptate,False,Lucio_Hettinger@annie.ca
6,Mrs. Dennis Schulist,101,explicabo enim cumque porro aperiam occaecati minima,False,Karley_Dach@jasper.info
6,Mrs. Dennis Schulist,102,sed ab consequatur,False,Karley_Dach@jasper.info
6,Mrs. Dennis Schulist,103,non sunt delectus illo nulla tenetur enim omnis,False,Karley_Dach@jasper.info
6,Mrs. Dennis Schulist,104,excepturi non laudantium quo,False,Karley_Dach@jasper.info
6,Mrs. Dennis Schulist,105,totam quia dolorem et illum repellat voluptas optio,True,Karley_Dach@jasper.info
6,Mrs. Dennis Schulist,106,ad illo quis voluptatem temporibus,True,Karley_Dach@jasper.info
6,Mrs. Dennis Schulist,107,praesentium facilis omnis laudantium fugit ad iusto nihil nesciunt,False,Karley_Dach@jasper.info
6,Mrs. Dennis Schulist,108,a eos eaque nihil et exercitationem incidunt delectus,True,Karley_Dach@jasper.info
6,Mrs. Dennis Schulist,109,autem temporibus harum quisquam in culpa,True,Karley_Dach@jasper.info
6,Mrs. Dennis Schulist,110,aut aut ea corporis,True,Karley_Dach@jasper.info
6,Mrs. Dennis Schulist,111,magni accusantium labore et id quis provident,False,Karley_Dach@jasper.info
6,Mrs. Dennis Schulist,112,consectetur impedit quisquam qui deserunt non rerum consequuntur eius,False,Karley_Dach@jasper.info
6,Mrs. Dennis Schulist,113,quia atque aliquam sunt impedit voluptatum rerum assumenda nisi,False,Karley_Dach@jasper.info
6,Mrs. Dennis Schulist,114,cupiditate quos possimus corporis quisquam exercitationem beatae,False,Karley_Dach@jasper.info
6,Mrs. Dennis Schulist,115,sed et ea eum,False,Karley_Dach@jasper.info
6,Mrs. Dennis Schulist,116,ipsa dolores vel facilis ut,True,Karley_Dach@jasper.info
6,Mrs. Dennis Schulist,117,sequi quae est et qui qui eveniet asperiores,False,Karley_Dach@jasper.info
6,Mrs. Dennis Schulist,118,quia modi consequatur vero fugiat,False,Karley_Dach@jasper.info
6,Mrs. Dennis Schulist,119,corporis ducimus ea perspiciatis iste,False,Karley_Dach@jasper.info
6,Mrs. Dennis Schulist,120,dolorem laboriosam vel voluptas et aliquam quasi,False,Karley_Dach@jasper.info
7,Kurtis Weissnat,121,inventore aut nihil minima laudantium hic qui omnis,True,Telly.Hoeger@billy.biz
7,Kurtis Weissnat,122,provident aut nobis culpa,True,Telly.Hoeger@billy.biz
7,Kurtis Weissnat,123,esse et quis iste est earum aut impedit,False,Telly.Hoeger@billy.biz
7,Kurtis Weissnat,124,qui consectetur id,False,Telly.Hoeger@billy.biz
7,Kurtis Weissnat,125,aut quasi autem iste tempore illum possimus,False,Telly.Hoeger@billy.biz
7,Kurtis Weissnat,126,ut asperiores perspiciatis veniam ipsum rerum saepe,True,Telly.Hoeger@billy.biz
7,Kurtis Weissnat,127,voluptatem libero consectetur rerum ut,True,Telly.Hoeger@billy.biz
7,Kurtis Weissnat,128,eius omnis est qui voluptatem autem,False,Telly.Hoeger@billy.biz
7,Kurtis Weissnat,129,rerum culpa quis harum,False,Telly.Hoeger@billy.biz
7,Kurtis Weissnat,130,nulla aliquid eveniet harum laborum libero alias ut unde,True,Telly.Hoeger@billy.biz
7,Kurtis Weissnat,131,qui ea incidunt quis,False,Telly.Hoeger@billy.biz
7,Kurtis Weissnat,132,qui molestiae voluptatibus velit iure harum quisquam,True,Telly.Hoeger@billy.biz
7,Kurtis Weissnat,133,et labore eos enim rerum consequatur sunt,True,Telly.Hoeger@billy.biz
7,Kurtis Weissnat,134,molestiae doloribus et laborum quod ea,False,Telly.Hoeger@billy.biz
7,Kurtis Weissnat,135,facere ipsa nam eum voluptates reiciendis vero qui,False,Telly.Hoeger@billy.biz
7,Kurtis Weissnat,136,asperiores illo tempora fuga sed ut quasi adipisci,False,Telly.Hoeger@billy.biz
7,Kurtis Weissnat,137,qui sit non,False,Telly.Hoeger@billy.biz
7,Kurtis Weissnat,138,placeat minima consequatur rem qui ut,True,Telly.Hoeger@billy.biz
7,Kurtis Weissnat,139,consequatur doloribus id possimus voluptas a voluptatem,False,Telly.Hoeger@billy.biz
7,Kurtis Weissnat,140,aut consectetur in blanditiis deserunt quia sed laboriosam,True,Telly.Hoeger@billy.biz
8,Nicholas Runolfsdottir V,141,explicabo consectetur debitis voluptates quas quae culpa rerum non,True,Sherwood@rosamond.me
8,Nicholas Runolfsdottir V,142,maiores accusantium architecto necessitatibus reiciendis ea aut,True,Sherwood@rosamond.me
8,Nicholas Runolfsdottir V,143,eum non recusandae cupiditate animi,False,Sherwood@rosamond.me
8,Nicholas Runolfsdottir V,144,ut eum exercitationem sint,False,Sherwood@rosamond.me
8,Nicholas Runolfsdottir V,145,beatae qui ullam incidunt voluptatem non nisi aliquam,False,Sherwood@rosamond.me
8,Nicholas Runolfsdottir V,146,molestiae suscipit ratione nihil odio libero impedit vero totam,True,Sherwood@rosamond.me
8,Nicholas Runolfsdottir V,147,eum itaque quod reprehenderit et facilis dolor autem ut,True,Sherwood@rosamond.me
8,Nicholas Runolfsdottir V,148,esse quas et quo quasi exercitationem,False,Sherwood@rosamond.me
8,Nicholas Runolfsdottir V,149,animi voluptas quod perferendis est,False,Sherwood@rosamond.me
8,Nicholas Runolfsdottir V,150,eos amet tempore laudantium fugit a,False,Sherwood@rosamond.me
8,Nicholas Runolfsdottir V,151,accusamus adipisci dicta qui quo ea explicabo sed vero,True,Sherwood@rosamond.me
8,Nicholas Runolfsdottir V,152,odit eligendi recusandae doloremque cumque non,False,Sherwood@rosamond.me
8,Nicholas Runolfsdottir V,153,ea aperiam consequatur qui repellat eos,False,Sherwood@rosamond.me
8,Nicholas Runolfsdottir V,154,rerum non ex sapiente,True,Sherwood@rosamond.me
8,Nicholas Runolfsdottir V,155,voluptatem nobis consequatur et assumenda magnam,True,Sherwood@rosamond.me
8,Nicholas Runolfsdottir V,156,nam quia quia nulla repellat assumenda quibusdam sit nobis,True,Sherwood@rosamond.me
8,Nicholas Runolfsdottir V,157,dolorem veniam quisquam deserunt repellendus,True,Sherwood@rosamond.me
8,Nicholas Runolfsdottir V,158,debitis vitae delectus et harum accusamus aut deleniti a,True,Sherwood@rosamond.me
8,Nicholas Runolfsdottir V,159,debitis adipisci quibusdam aliquam sed dolore ea praesentium nobis,True,Sherwood@rosamond.me
8,Nicholas Runolfsdottir V,160,et praesentium aliquam est,False,Sherwood@rosamond.me
9,Glenna Reichert,161,ex hic consequuntur earum omnis alias ut occaecati culpa,True,Chaim_McDermott@dana.io
9,Glenna Reichert,162,omnis laboriosam molestias animi sunt dolore,True,Chaim_McDermott@dana.io
9,Glenna Reichert,163,natus corrupti maxime laudantium et voluptatem laboriosam odit,False,Chaim_McDermott@dana.io
9,Glenna Reichert,164,reprehenderit quos aut aut consequatur est sed,False,Chaim_McDermott@dana.io
9,Glenna Reichert,165,fugiat perferendis sed aut quidem,False,Chaim_McDermott@dana.io
9,Glenna Reichert,166,quos quo possimus suscipit minima ut,False,Chaim_McDermott@dana.io
9,Glenna Reichert,167,et quis minus quo a asperiores molestiae,False,Chaim_McDermott@dana.io
9,Glenna Reichert,168,recusandae quia qui sunt libero,False,Chaim_McDermott@dana.io
9,Glenna Reichert,169,ea odio perferendis officiis,True,Chaim_McDermott@dana.io
9,Glenna Reichert,170,quisquam aliquam quia doloribus aut,False,Chaim_McDermott@dana.io
9,Glenna Reichert,171,fugiat aut voluptatibus corrupti deleniti velit iste odio,True,Chaim_McDermott@dana.io
9,Glenna Reichert,172,et provident amet rerum consectetur et voluptatum,False,Chaim_McDermott@dana.io
9,Glenna Reichert,173,harum ad aperiam quis,False,Chaim_McDermott@dana.io
9,Glenna Reichert,174,similique aut quo,False,Chaim_McDermott@dana.io
9,Glenna Reichert,175,laudantium eius officia perferendis provident perspiciatis asperiores,True,Chaim_McDermott@dana.io
9,Glenna Reichert,176,magni soluta corrupti ut maiores rem quidem,False,Chaim_McDermott@dana.io
9,Glenna Reichert,177,et placeat temporibus voluptas est tempora quos quibusdam,False,Chaim_McDermott@dana.io
9,Glenna Reichert,178,nesciunt itaque commodi tempore,True,Chaim_McDermott@dana.io
9,Glenna Reichert,179,omnis consequuntur cupiditate impedit itaque ipsam quo,True,Chaim_McDermott@dana.io
9,Glenna Reichert,180,debitis nisi et dolorem repellat et,True,Chaim_McDermott@dana.io
10,Clementina DuBuque,181,ut cupiditate sequi aliquam fuga maiores,False,Rey.Padberg@karina.biz
10,Clementina DuBuque,182,inventore saepe cumque et aut illum enim,True,Rey.Padberg@karina.biz
10,Clementina DuBuque,183,omnis nulla eum aliquam distinctio,True,Rey.Padberg@karina.biz
10,Clementina DuBuque,184,molestias modi perferendis perspiciatis,False,Rey.Padberg@karina.biz
10,Clementina DuBuque,185,voluptates dignissimos sed doloribus animi quaerat aut,False,Rey.Padberg@karina.biz
10,Clementina DuBuque,186,explicabo odio est et,False,Rey.Padberg@karina.biz
10,Clementina DuBuque,187,consequuntur animi possimus,False,Rey.Padberg@karina.biz
10,Clementina DuBuque,188,vel non beatae est,True,Rey.Padberg@karina.biz
10,Clementina DuBuque,189,culpa eius et voluptatem et,True,Rey.Padberg@karina.biz
10,Clementina DuBuque,190,accusamus sint iusto et voluptatem exercitationem,True,Rey.Padberg@karina.biz
10,Clementina DuBuque,191,temporibus atque distinctio omnis eius impedit tempore molestias pariatur,True,Rey.Padberg@karina.biz
10,Clementina DuBuque,192,ut quas possimus exercitationem sint voluptates,False,Rey.Padberg@karina.biz
10,Clementina DuBuque,193,rerum debitis voluptatem qui eveniet tempora distinctio a,True,Rey.Padberg@karina.biz
10,Clementina DuBuque,194,sed ut vero sit molestiae,False,Rey.Padberg@karina.biz
10,Clementina DuBuque,195,rerum ex veniam mollitia voluptatibus pariatur,True,Rey.Padberg@karina.biz
10,Clementina DuBuque,196,consequuntur aut ut fugit similique,True,Rey.Padberg@karina.biz
10,Clementina DuBuque,197,dignissimos quo nobis earum saepe,True,Rey.Padberg@karina.biz
10,Clementina DuBuque,198,quis eius est sint explicabo,True,Rey.Padberg@karina.biz
10,Clementina DuBuque,199,numquam repellendus a magnam,True,Rey.Padberg@karina.biz
10,Clementina DuBuque,200,ipsam aperiam voluptates qui,False,Rey.Padberg@karina.biz
